N,Time,N log N
1000,0.000276089,6907.76
10000,0.00349498,92103.4
100000,0.0426881,1.15129e+06
1000000,0.517924,1.38155e+07
