N,Time,N log N
1000,0.00030899,6907.76
10000,0.00364113,92103.4
100000,0.042753,1.15129e+06
1000000,0.517715,1.38155e+07
