N,Time,N log N
1000,0.000779867,6907.76
10000,0.00606418,92103.4
100000,0.042702,1.15129e+06
1000000,0.520723,1.38155e+07
